City_ID,City,Country,Date,Lat,Lng,Max Temp,Humidity,Cloudiness,Wind Speed
0,Tiksi,RU,2019-12-29 05:45:25,71.64,128.87,-27.4,85,100,8.79
1,New Norfolk,AU,2019-12-29 05:45:56,-42.78,147.06,79.0,53,40,21.92
2,Guerrero Negro,MX,2019-12-29 05:46:05,27.97,-114.04,56.16,65,0,6.46
3,Barrow,AR,2019-12-29 05:49:14,-38.31,-60.23,65.03,89,100,6.35
4,Busselton,AU,2019-12-29 05:45:46,-33.64,115.35,81.0,32,100,20.24
5,Ponta Do Sol,BR,2019-12-29 05:45:50,-20.63,-46.0,63.64,94,27,3.31
6,Fairbanks,US,2019-12-29 05:45:51,64.84,-147.72,-9.4,76,90,4.7
7,Kavieng,PG,2019-12-29 05:46:01,-2.57,150.8,83.21,76,98,11.14
8,Mahebourg,MU,2019-12-29 05:49:16,-20.41,57.7,81.0,88,75,16.11
9,Filadelfia,PY,2019-12-29 05:49:16,-22.35,-60.04,82.15,58,16,10.74
10,Punta Arenas,CL,2019-12-29 05:49:16,-53.16,-70.91,50.0,61,20,34.45
11,Alexandria,RO,2019-12-29 05:49:19,43.97,25.33,33.01,77,98,1.01
12,Kaitangata,NZ,2019-12-29 05:45:47,-46.28,169.85,61.0,79,100,4.0
13,Rikitea,PF,2019-12-29 05:49:20,-23.12,-134.97,76.14,82,100,9.71
14,Conakry,GN,2019-12-29 05:44:36,9.52,-13.7,78.8,78,0,6.93
15,Qaanaaq,GL,2019-12-29 05:45:51,77.48,-69.36,0.7,52,33,10.65
16,Pillaro,EC,2019-12-29 05:49:20,-1.17,-78.53,50.0,100,75,3.36
17,Bethel,US,2019-12-29 05:45:59,60.79,-161.76,-13.0,68,90,16.11
18,Vao,EE,2019-12-29 05:49:21,59.1,26.19,22.35,83,50,6.38
19,Tecoanapa,MX,2019-12-29 05:49:21,16.99,-99.26,80.6,83,20,5.82
20,Ahlat,TR,2019-12-29 05:49:21,38.75,42.49,28.62,79,49,5.88
21,Pskov,RU,2019-12-29 05:49:22,57.82,28.33,28.4,74,90,4.47
22,Nisia Floresta,BR,2019-12-29 05:49:22,-6.09,-35.21,77.0,83,40,6.93
23,Puerto Ayora,EC,2019-12-29 05:45:59,-0.74,-90.35,72.0,90,94,1.01
24,Vaini,IN,2019-12-29 05:45:22,15.34,74.49,77.0,65,20,6.93
25,Trairi,BR,2019-12-29 05:49:23,-3.28,-39.27,75.24,89,82,4.25
26,Hualmay,PE,2019-12-29 05:49:23,-11.1,-77.61,66.07,86,48,3.44
27,Cazones,MX,2019-12-29 05:49:23,20.72,-97.32,66.83,92,100,0.94
28,Mataura,NZ,2019-12-29 05:49:24,-46.19,168.86,63.0,80,100,11.99
29,Kloulklubed,PW,2019-12-29 05:49:24,7.04,134.26,84.2,70,75,11.41
30,Thompson,CA,2019-12-29 05:42:01,55.74,-97.86,3.2,84,90,2.24
31,Svetlogorsk,RU,2019-12-29 05:49:24,53.14,59.15,12.2,85,90,13.42
32,Port Shepstone,ZA,2019-12-29 05:49:24,-30.74,30.45,69.49,84,44,5.48
33,Upernavik,GL,2019-12-29 05:45:55,72.79,-56.15,6.46,59,28,3.24
34,Roma,IT,2019-12-29 05:49:25,41.89,12.48,41.0,51,0,6.93
35,Castro,CL,2019-12-29 05:45:45,-42.48,-73.76,48.2,93,4,6.93
36,Cabedelo,BR,2019-12-29 05:49:25,-6.97,-34.84,75.2,88,40,3.36
37,Ilulissat,GL,2019-12-29 05:49:25,69.22,-51.1,5.0,65,75,1.14
38,Montelibano,CO,2019-12-29 05:49:26,7.98,-75.42,76.26,92,100,4.63
39,Panguna,PG,2019-12-29 05:49:26,-6.32,155.48,79.83,64,9,5.17
40,Tilichiki,RU,2019-12-29 05:49:26,60.47,166.1,-15.47,72,0,7.52
41,Ignatovka,RU,2019-12-29 05:49:26,53.95,47.65,17.01,94,100,7.96
42,Kapaa,US,2019-12-29 05:45:24,22.08,-159.32,77.0,88,40,5.82
43,Kununurra,AU,2019-12-29 05:49:27,-15.77,128.74,100.4,37,47,9.17
44,Cidreira,BR,2019-12-29 05:49:27,-30.17,-50.22,74.39,90,13,25.08
45,Hithadhoo,MV,2019-12-29 05:46:02,-0.6,73.08,82.45,76,100,9.73
46,Kodiak,US,2019-12-29 05:49:27,39.95,-94.76,52.0,93,90,8.05
47,Luderitz,NA,2019-12-29 05:45:53,-26.65,15.16,62.6,77,56,18.34
48,Muroto,JP,2019-12-29 05:49:28,33.37,134.14,53.6,66,75,4.7
49,Sao Filipe,CV,2019-12-29 05:46:07,14.9,-24.5,70.48,69,45,12.17
50,Bluff,AU,2019-12-29 05:45:43,-23.58,149.07,91.17,25,38,13.38
51,Ushuaia,AR,2019-12-29 05:45:05,-54.81,-68.31,53.6,37,40,14.99
52,Beira,ES,2019-12-29 05:49:28,43.2,-8.36,46.99,93,0,6.93
53,Severo-Kurilsk,RU,2019-12-29 05:45:48,50.68,156.12,26.08,76,100,28.54
54,Pitimbu,BR,2019-12-29 05:49:29,-7.47,-34.81,75.2,88,40,3.36
55,Pundaguitan,PH,2019-12-29 05:49:29,6.37,126.17,80.58,69,62,4.74
56,Hobart,AU,2019-12-29 05:49:26,-42.88,147.33,79.0,56,40,20.8
57,Pisco,PE,2019-12-29 05:49:29,-13.71,-76.2,69.8,88,59,4.7
58,Baruun-Urt,MN,2019-12-29 05:49:30,46.68,113.28,-5.1,95,100,7.09
59,Ostrovnoy,RU,2019-12-29 05:49:30,68.05,39.51,22.24,87,87,34.83
60,Amuntai,ID,2019-12-29 05:49:30,-2.42,115.25,89.74,61,100,2.68
61,Port Elizabeth,US,2019-12-29 05:45:37,39.31,-74.98,41.0,93,1,1.86
62,Mahibadhoo,MV,2019-12-29 05:49:31,3.78,72.97,81.86,82,14,17.69
63,Lakes Entrance,AU,2019-12-29 05:49:31,-37.88,147.99,96.01,57,0,5.01
64,Altay,CN,2019-12-29 05:49:31,47.83,88.13,9.09,50,0,2.15
65,Channel-Port Aux Basques,CA,2019-12-29 05:49:31,47.57,-59.14,28.49,85,65,26.26
66,Marck,FR,2019-12-29 05:49:32,50.95,1.95,44.01,75,20,4.7
67,Avarua,CK,2019-12-29 05:42:24,-21.21,-159.78,77.0,73,98,10.29
68,Alamos,AR,2019-12-29 05:49:32,-36.9,-62.36,67.48,79,0,13.24
69,Weligama,LK,2019-12-29 05:49:33,5.97,80.42,86.59,57,10,5.17
70,Leningradskiy,RU,2019-12-29 05:49:33,69.38,178.42,-9.15,88,53,7.67
71,Gat,SN,2019-12-29 05:49:33,14.69,-16.54,75.2,16,0,10.29
72,Hilo,US,2019-12-29 05:49:33,19.71,-155.08,75.2,83,1,3.36
73,Chernyshevskiy,RU,2019-12-29 05:49:34,63.01,112.47,-26.88,94,100,9.44
74,Yamada,JP,2019-12-29 05:49:34,36.58,137.08,54.0,43,75,1.12
75,Pleasant Point,CA,2019-12-29 05:49:34,44.45,-78.7,35.01,100,90,3.36
76,Libourne,FR,2019-12-29 05:49:34,44.91,-0.24,36.0,91,90,3.56
77,Port Hedland,AU,2019-12-29 05:49:34,-20.31,118.58,96.8,56,99,20.8
78,Provideniya,RU,2019-12-29 05:45:41,64.42,-173.23,-7.28,83,0,10.56
79,Saskylakh,RU,2019-12-29 05:45:37,71.97,114.09,-31.09,96,0,9.46
80,Bandarban,BD,2019-12-29 05:49:35,22.2,92.22,64.4,82,90,4.94
81,Cherskiy,RU,2019-12-29 05:49:35,68.75,161.3,-15.68,98,98,5.73
82,Iqaluit,CA,2019-12-29 05:49:36,63.75,-68.52,-11.0,69,5,21.92
83,Mawlaik,MM,2019-12-29 05:49:36,23.63,94.42,73.67,42,6,3.58
84,La Rioja,AR,2019-12-29 05:49:39,-29.41,-66.86,70.14,65,100,3.06
85,Mau,IN,2019-12-29 05:49:39,25.94,83.57,61.9,32,0,5.77
86,Yellowknife,CA,2019-12-29 05:46:06,62.45,-114.38,-2.0,77,90,10.29
87,Mizdah,LY,2019-12-29 05:49:40,31.45,12.98,45.3,66,43,13.8
88,Atuona,PF,2019-12-29 05:45:24,-9.8,-139.03,81.25,77,40,16.71
89,Havelock,US,2019-12-29 05:49:40,34.88,-76.9,59.0,93,20,2.75
90,Manjacaze,MZ,2019-12-29 05:49:40,-24.71,33.88,80.37,61,42,6.13
91,Saldanha,PT,2019-12-29 05:45:53,41.42,-6.55,40.19,49,0,2.82
92,Port Lincoln,AU,2019-12-29 05:46:07,-34.72,135.86,80.87,38,0,8.55
93,Narsaq,GL,2019-12-29 05:49:41,60.91,-46.05,28.4,86,100,0.67
94,Esperance,AU,2019-12-29 05:45:50,-33.86,121.89,86.0,40,0,17.22
95,Nome,US,2019-12-29 05:49:41,30.04,-94.42,71.6,94,1,8.05
96,Dingle,PH,2019-12-29 05:45:58,11.0,122.67,81.97,71,0,12.03
97,Victor Harbor,AU,2019-12-29 05:49:42,-35.55,138.62,95.0,39,20,10.29
98,Jardim,BR,2019-12-29 05:49:42,-21.48,-56.15,75.56,75,1,3.96
99,Ronne,FR,2019-12-29 05:49:42,48.45,0.83,33.01,84,88,4.7
100,Albany,US,2019-12-29 05:46:25,42.65,-73.75,34.0,80,75,4.38
101,San Miguel,AR,2019-12-29 05:49:43,-34.54,-58.72,77.0,83,85,5.23
102,Ingham,AU,2019-12-29 05:49:43,-18.65,146.16,82.76,64,55,6.46
103,Lebu,ET,2019-12-29 05:49:43,8.96,38.73,57.6,77,85,3.96
104,Flinders,AU,2019-12-29 05:49:43,-34.58,150.85,84.99,65,75,6.93
105,Nikolskoye,RU,2019-12-29 05:49:43,59.7,30.79,21.99,85,75,2.24
106,Pangnirtung,CA,2019-12-29 05:49:44,66.15,-65.72,-9.22,81,33,3.87
107,Porto Novo,BR,2019-12-29 05:49:44,-23.68,-45.44,69.8,83,40,4.7
108,Port Alfred,ZA,2019-12-29 05:49:44,-33.59,26.89,68.0,92,97,1.99
109,Bredasdorp,ZA,2019-12-29 05:45:38,-34.53,20.04,66.2,77,100,13.87
110,Carnarvon,ZA,2019-12-29 05:49:44,-30.97,22.13,75.69,29,100,14.61
111,Plouzane,FR,2019-12-29 05:49:45,48.38,-4.62,42.8,100,90,10.29
112,Sinnamary,GF,2019-12-29 05:49:45,5.38,-52.96,79.41,76,60,16.71
113,Ribeira Grande,PT,2019-12-29 05:49:45,38.52,-28.7,55.22,73,78,10.11
114,Iseyin,NG,2019-12-29 05:49:45,7.97,3.6,70.97,16,0,6.73
115,Kruisfontein,ZA,2019-12-29 05:49:46,-34.0,24.73,66.63,75,83,4.9
116,Yaan,NG,2019-12-29 05:49:46,7.38,8.57,68.04,26,0,5.26
117,Jacareacanga,BR,2019-12-29 05:49:46,-6.22,-57.76,73.04,97,100,1.74
118,Dikson,RU,2019-12-29 05:46:00,73.51,80.55,-18.33,92,0,19.51
119,Khatanga,RU,2019-12-29 05:46:04,71.98,102.47,-21.57,93,97,2.95
120,Wanaka,NZ,2019-12-29 05:49:47,-44.7,169.14,48.07,83,99,9.24
121,Ulaangom,MN,2019-12-29 05:49:47,49.98,92.07,-7.69,96,100,3.18
122,Coquimbo,CL,2019-12-29 05:45:52,-29.95,-71.34,59.0,87,20,2.24
123,Rocha,UY,2019-12-29 05:49:48,-34.48,-54.34,72.21,92,52,3.24
124,Tessalit,ML,2019-12-29 05:45:57,20.2,1.01,58.64,21,0,10.6
125,Nazareno,MX,2019-12-29 05:49:48,25.4,-103.42,60.42,20,100,17.98
126,Hermanus,ZA,2019-12-29 05:49:49,-34.42,19.24,69.01,83,100,10.0
127,Mocuba,MZ,2019-12-29 05:49:49,-16.84,36.99,78.89,90,90,5.7
128,Yarmouth,CA,2019-12-29 05:49:49,43.84,-66.12,37.99,64,20,16.11
129,East London,ZA,2019-12-29 05:45:47,-33.02,27.91,66.2,82,40,3.36
130,Khor,RU,2019-12-29 05:49:49,47.88,134.96,-4.16,93,82,1.19
131,Sayyan,YE,2019-12-29 05:49:50,15.17,44.32,55.92,30,19,4.23
132,Broome,GB,2019-12-29 05:46:09,52.47,1.45,45.0,93,97,10.29
133,Evensk,RU,2019-12-29 05:49:50,61.92,159.24,-6.63,48,0,7.85
134,Jamestown,AU,2019-12-29 05:49:50,-33.21,138.6,93.09,22,55,20.69
135,Phan Thiet,VN,2019-12-29 05:49:50,10.93,108.1,86.54,48,0,8.93
136,Nelson Bay,AU,2019-12-29 05:49:51,-32.72,152.14,95.0,23,0,11.41
137,Itarana,BR,2019-12-29 05:49:51,-19.87,-40.88,61.03,95,0,3.42
138,Marsala,IT,2019-12-29 05:49:51,37.8,12.44,52.0,61,20,16.11
139,Walvis Bay,NA,2019-12-29 05:49:51,-22.95,14.51,61.0,87,90,5.82
140,Sioux Lookout,CA,2019-12-29 05:49:51,50.1,-91.92,15.8,92,90,4.7
141,Togur,RU,2019-12-29 05:49:52,58.36,82.83,-4.34,85,100,1.9
142,Mecca,SA,2019-12-29 05:42:20,21.43,39.83,68.59,47,13,2.33
143,Vaitape,PF,2019-12-29 05:45:44,-16.52,-151.75,81.07,73,100,10.83
144,Mogadishu,SO,2019-12-29 05:47:08,2.04,45.34,82.4,69,75,11.41
145,Alofi,NU,2019-12-29 05:49:52,-19.06,-169.92,77.95,85,100,17.92
146,Portland,US,2019-12-29 05:49:53,43.66,-70.25,37.4,64,1,8.05
147,Isangel,VU,2019-12-29 05:46:10,-19.55,169.27,84.2,70,40,19.46
148,Chuy,UY,2019-12-29 05:49:54,-33.69,-53.46,71.87,93,100,4.16
149,Cockburn Town,TC,2019-12-29 05:49:54,21.46,-71.14,78.12,81,68,25.57
150,Port Blair,IN,2019-12-29 05:49:54,11.67,92.75,80.51,78,1,13.49
151,Port Augusta,AU,2019-12-29 05:49:54,-32.49,137.76,102.0,17,58,4.0
152,Cedar City,US,2019-12-29 05:49:55,37.68,-113.06,21.2,67,90,5.82
153,Arraial Do Cabo,BR,2019-12-29 05:49:55,-22.97,-42.02,75.15,90,0,13.2
154,Villamontes,BO,2019-12-29 05:49:55,-21.26,-63.47,70.0,90,100,2.04
155,Aksha,RU,2019-12-29 05:49:55,50.28,113.29,-1.86,77,79,8.79
156,Neuquen,AR,2019-12-29 05:45:27,-38.95,-68.06,75.2,38,0,6.93
157,Carutapera,BR,2019-12-29 05:49:56,-1.2,-46.02,82.18,79,94,15.79
158,Chimore,BO,2019-12-29 05:49:56,-16.98,-65.13,70.57,97,100,1.28
159,Dunedin,NZ,2019-12-29 05:49:56,-45.87,170.5,59.0,82,100,5.99
160,Shimoda,JP,2019-12-29 05:49:56,34.7,138.93,53.6,50,20,10.29
161,Sedona,US,2019-12-29 05:49:56,34.87,-111.79,30.0,68,1,8.05
162,Rio Gallegos,AR,2019-12-29 05:47:40,-51.62,-69.22,53.6,58,87,16.11
163,Talaya,RU,2019-12-29 05:49:57,55.79,84.89,-11.2,76,100,4.47
164,Tuatapere,NZ,2019-12-29 05:45:59,-46.13,167.69,63.0,80,100,11.99
165,Dabat,ET,2019-12-29 05:49:57,12.98,37.77,60.03,35,54,3.15
166,Hetauda,NP,2019-12-29 05:49:57,27.43,85.03,55.4,50,20,3.36
167,Saint-Philippe,CA,2019-12-29 05:45:47,45.36,-73.48,32.0,76,1,3.36
168,Geri,CN,2019-12-29 05:49:58,35.67,100.55,23.72,14,8,10.8
169,San Patricio,PY,2019-12-29 05:49:58,-26.98,-56.83,82.44,50,25,5.01
170,Tuktoyaktuk,CA,2019-12-29 05:45:26,69.44,-133.03,-31.0,66,40,11.41
171,Leshukonskoye,RU,2019-12-29 05:46:06,64.9,45.76,15.55,77,99,13.98
172,Palana,RU,2019-12-29 05:49:59,59.08,159.95,3.2,73,0,6.17
173,Norman Wells,CA,2019-12-29 05:49:59,65.28,-126.83,-20.2,68,75,14.99
174,Kupang,ID,2019-12-29 05:50:00,-10.16,123.6,86.0,79,75,14.99
175,Maniitsoq,GL,2019-12-29 05:50:00,65.42,-52.9,20.93,51,99,9.78
176,Odessa,US,2019-12-29 05:48:05,31.85,-102.37,44.6,48,1,11.41
177,Geraldton,CA,2019-12-29 05:50:00,49.72,-86.95,17.6,85,90,6.93
178,Hurricane,US,2019-12-29 05:46:06,37.18,-113.29,33.8,58,1,5.82
179,Acapulco,MX,2019-12-29 05:50:01,16.86,-99.88,80.6,83,20,5.82
180,Aykhal,RU,2019-12-29 05:50:01,65.95,111.51,-18.4,75,75,4.47
181,Tateyama,JP,2019-12-29 05:46:14,36.66,137.31,54.0,43,75,1.12
182,Torbay,CA,2019-12-29 05:50:05,47.66,-52.73,32.0,92,90,14.99
183,Vila,IT,2019-12-29 05:50:05,45.18,8.4,37.99,100,75,2.24
184,Solnechnyy,RU,2019-12-29 05:50:05,50.72,136.64,-11.87,98,2,3.13
185,Victoria,BN,2019-12-29 05:50:05,5.28,115.24,87.8,74,75,5.82
186,College,US,2019-12-29 05:50:05,64.86,-147.8,-9.4,76,90,4.7
187,Tasiilaq,GL,2019-12-29 05:50:06,65.61,-37.64,30.2,54,99,12.75
188,Hasaki,JP,2019-12-29 05:50:06,35.73,140.83,55.99,46,20,8.05
189,Aksarka,RU,2019-12-29 05:45:24,66.56,67.8,16.75,82,100,18.66
190,Chhuikhadan,IN,2019-12-29 05:50:07,21.52,81.0,64.85,25,0,7.23
191,Nyaunglebin,MM,2019-12-29 05:50:07,17.95,96.73,86.81,45,19,4.54
192,Faanui,PF,2019-12-29 05:45:55,-16.48,-151.75,81.07,73,100,10.83
193,Wakkanai,JP,2019-12-29 05:50:07,45.41,141.67,23.0,73,75,17.22
194,Mnogovershinnyy,RU,2019-12-29 05:50:08,53.94,139.92,-7.6,87,100,6.2
195,Russell,US,2019-12-29 05:50:08,38.9,-98.86,35.6,100,90,14.99
196,Tripoli,GR,2019-12-29 05:50:08,37.51,22.37,48.99,45,40,9.17
197,Palmer,AU,2019-12-29 05:50:08,-34.85,139.16,104.0,39,20,10.29
198,Genhe,CN,2019-12-29 05:50:09,50.78,121.52,-7.31,81,7,5.14
199,Constitucion,MX,2019-12-29 05:46:03,23.99,-104.67,48.99,66,100,7.0
200,Longyearbyen,NO,2019-12-29 05:50:09,78.22,15.63,15.8,66,40,18.34
201,Chokurdakh,RU,2019-12-29 05:50:09,70.62,147.9,-34.83,90,0,6.78
202,Cape Town,ZA,2019-12-29 05:50:09,-33.93,18.42,72.0,60,20,4.7
203,Saint-Ambroise,CA,2019-12-29 05:50:10,48.56,-71.32,26.6,92,75,12.75
204,Airai,TL,2019-12-29 05:46:08,-8.93,125.41,79.9,73,89,2.95
205,Butaritari,KI,2019-12-29 05:45:42,3.07,172.79,83.77,79,40,13.96
206,Bansbaria,IN,2019-12-29 05:50:10,22.97,88.4,64.4,59,0,8.05
207,Kiruna,SE,2019-12-29 05:50:11,67.86,20.23,30.2,86,68,18.34
208,Vardo,US,2019-12-29 05:46:03,39.62,-77.74,46.99,100,1,2.51
209,Izmir,TR,2019-12-29 05:50:11,38.42,27.14,44.6,56,75,14.99
210,Bonavista,CA,2019-12-29 05:50:11,48.65,-53.11,32.0,87,100,8.99
211,Macomb,US,2019-12-29 05:45:43,40.46,-90.67,59.0,100,90,19.46
212,Rongcheng,CN,2019-12-29 05:50:12,37.16,122.42,41.0,65,100,1.01
213,Port Hardy,CA,2019-12-29 05:50:12,50.7,-127.42,44.6,81,90,19.46
214,Baikunthpur,IN,2019-12-29 05:50:12,23.26,82.56,67.32,20,0,2.33
215,San Luis,AR,2019-12-29 05:50:12,-33.3,-66.34,77.29,71,88,15.97
216,Aklavik,CA,2019-12-29 05:50:12,68.22,-135.01,-29.2,66,40,2.24
217,Mata,PT,2019-12-29 05:50:13,40.68,-7.46,50.0,83,0,1.99
218,Atar,MR,2019-12-29 05:50:13,20.52,-13.05,60.62,15,0,9.64
219,Vung Tau,VN,2019-12-29 05:50:13,10.35,107.08,85.35,54,0,10.25
220,Yar-Sale,RU,2019-12-29 05:45:58,66.83,70.83,13.53,86,99,14.38
221,Sitka,US,2019-12-29 05:50:14,37.17,-99.65,32.0,92,26,13.0
222,Khasan,RU,2019-12-29 05:50:14,42.43,130.64,24.4,88,100,2.3
223,Rawson,AR,2019-12-29 05:50:15,-43.3,-65.11,61.65,58,0,6.24
224,Verkhoyansk,RU,2019-12-29 05:50:15,67.55,133.39,-36.27,82,0,1.34
225,Zhigansk,RU,2019-12-29 05:50:15,66.77,123.37,-32.04,92,97,18.16
226,Cabo San Lucas,MX,2019-12-29 05:45:10,22.89,-109.91,64.99,72,75,4.7
227,Shelburne,CA,2019-12-29 05:50:16,44.08,-80.2,33.01,78,90,3.06
228,Grindavik,IS,2019-12-29 05:46:10,63.84,-22.43,41.0,93,90,16.11
229,Dauphin,CA,2019-12-29 05:50:16,51.15,-100.04,1.4,91,1,8.05
230,Fukue,JP,2019-12-29 05:50:16,35.03,136.69,54.0,48,75,4.7
231,Los Llanos De Aridane,ES,2019-12-29 05:50:17,28.66,-17.92,70.0,55,78,9.17
232,Tezu,IN,2019-12-29 05:50:17,27.93,96.16,69.62,24,0,3.56
233,Kalmunai,LK,2019-12-29 05:50:17,7.42,81.82,80.33,70,76,12.57
234,Innisfail,AU,2019-12-29 05:50:18,-17.52,146.03,75.99,77,5,7.0
235,Sungaipenuh,ID,2019-12-29 05:50:18,-2.08,101.38,79.39,67,86,1.34
236,Santa Vitoria Do Palmar,BR,2019-12-29 05:50:18,-33.52,-53.37,71.87,93,100,4.16
237,Pinawa,CA,2019-12-29 05:50:18,50.15,-95.88,19.02,91,100,5.7
238,Phalaborwa,ZA,2019-12-29 05:50:19,-23.95,31.14,71.6,73,50,3.36
239,Padang,ID,2019-12-29 05:48:28,-0.92,100.36,80.11,77,19,2.64
240,Fernley,US,2019-12-29 05:46:25,39.61,-119.25,32.0,79,1,1.45
241,Lakatoro,VU,2019-12-29 05:50:19,-16.11,167.42,82.18,78,1,18.48
242,Taybad,IR,2019-12-29 05:50:19,34.74,60.78,48.72,38,0,5.08
243,Margate,AU,2019-12-29 05:50:20,-43.03,147.26,78.01,56,40,20.8
244,Bilma,NE,2019-12-29 05:50:20,18.69,12.92,52.84,38,0,10.56
245,Laguna,BZ,2019-12-29 05:50:20,16.17,-88.94,65.84,96,10,1.39
246,Kisangani,CD,2019-12-29 05:50:21,0.52,25.21,75.22,80,100,2.57
247,Keti Bandar,PK,2019-12-29 05:50:21,24.14,67.45,71.82,17,0,13.35
248,Lasa,CY,2019-12-29 05:45:58,34.92,32.53,50.0,93,40,6.93
249,Anadyr,RU,2019-12-29 05:50:21,64.73,177.51,-23.01,74,8,17.9
250,Vila Franca Do Campo,PT,2019-12-29 05:50:21,37.72,-25.43,60.8,93,40,10.29
251,Galeana,MX,2019-12-29 05:50:22,24.83,-100.08,46.0,68,69,1.01
252,Katsuura,JP,2019-12-29 05:50:22,33.93,134.5,52.0,57,75,3.36
253,Lagoa,PT,2019-12-29 05:50:22,37.14,-8.45,55.99,87,0,9.17
254,Pekalongan,ID,2019-12-29 05:50:22,-6.89,109.67,86.85,64,87,5.28
255,Ancud,CL,2019-12-29 05:43:31,-41.87,-73.83,48.2,93,1,6.93
256,Lensk,RU,2019-12-29 05:50:23,60.71,114.91,-19.82,90,100,10.89
257,Gagatli,RU,2019-12-29 05:50:23,42.8,46.29,34.18,86,95,2.28
258,Yangjiang,CN,2019-12-29 05:50:23,21.85,111.96,71.01,55,88,1.54
259,Coihaique,CL,2019-12-29 05:50:24,-45.58,-72.07,46.4,81,36,1.12
260,Calbuco,CL,2019-12-29 05:50:24,-41.77,-73.13,50.0,81,0,6.93
261,Kayerkan,RU,2019-12-29 05:50:24,69.35,87.76,-18.4,75,100,4.47
262,Kavaratti,IN,2019-12-29 05:50:24,10.57,72.64,86.0,70,40,4.7
263,Bubaque,GW,2019-12-29 05:50:24,11.28,-15.83,78.08,51,0,12.1
264,Zyryanovsk,KZ,2019-12-29 05:50:25,49.74,84.27,9.41,58,100,1.34
265,Shingu,JP,2019-12-29 05:50:25,33.72,135.99,53.6,58,75,2.24
266,Sinfra,CI,2019-12-29 05:50:25,6.62,-5.91,68.0,88,57,5.99
267,Bloomington,US,2019-12-29 05:50:25,40.47,-88.99,59.0,100,90,23.04
268,Pevek,RU,2019-12-29 05:45:23,69.7,170.27,-10.14,92,89,7.85
269,Isla Mujeres,MX,2019-12-29 05:50:26,21.23,-86.73,73.4,83,5,5.82
270,Biak,ID,2019-12-29 05:45:48,-0.91,122.88,84.9,75,100,14.74
271,Georgetown,GY,2019-12-29 05:50:26,6.8,-58.16,73.4,100,40,4.7
272,Soe,EE,2019-12-29 05:50:27,57.91,26.05,24.8,79,67,4.7
273,Shumskiy,RU,2019-12-29 05:50:27,54.83,99.13,-12.93,84,0,7.47
274,Luba,PH,2019-12-29 05:50:27,17.32,120.7,84.18,69,0,7.4
275,Sao Miguel Do Araguaia,BR,2019-12-29 05:50:27,-13.28,-50.16,71.08,98,100,3.71
276,Asyut,EG,2019-12-29 05:49:46,27.18,31.19,50.9,45,0,4.76
277,Maceio,BR,2019-12-29 05:50:28,-9.67,-35.74,75.2,88,20,2.24
278,Tiblawan,PH,2019-12-29 05:50:28,6.48,126.11,80.58,69,62,4.74
279,Talnakh,RU,2019-12-29 05:50:28,69.49,88.39,-18.4,75,100,4.47
280,Tramore,IE,2019-12-29 05:50:28,52.16,-7.15,52.0,99,100,8.01
281,Whitehorse,CA,2019-12-29 05:50:29,60.72,-135.06,30.2,68,90,14.99
282,Nanortalik,GL,2019-12-29 05:50:29,60.14,-45.24,30.52,84,100,14.97
283,Haines Junction,CA,2019-12-29 05:50:29,60.75,-137.51,14.61,92,48,8.59
284,Melton,AU,2019-12-29 05:50:29,-37.68,144.58,100.99,38,19,16.11
285,Saint-Francois,FR,2019-12-29 05:50:30,46.42,3.91,33.8,95,72,8.05
286,Westport,US,2019-12-29 05:48:02,41.14,-73.36,44.01,74,1,3.36
287,Tefe,BR,2019-12-29 05:50:30,-3.35,-64.71,74.88,98,100,1.16
288,Ballina,IE,2019-12-29 05:50:30,54.11,-9.15,55.99,86,100,11.99
289,Tiznit,MA,2019-12-29 05:50:30,29.7,-9.73,55.33,23,0,5.82
290,Kahului,US,2019-12-29 05:50:31,20.89,-156.47,77.0,73,1,14.0
291,Howell,US,2019-12-29 05:50:31,40.17,-74.19,43.0,86,1,3.36
292,Antalaha,MG,2019-12-29 05:50:31,-14.9,50.28,80.92,79,81,11.95
293,Surt,LY,2019-12-29 05:50:31,31.21,16.59,54.19,67,73,22.01
294,Palm Coast,US,2019-12-29 05:50:32,29.55,-81.22,72.0,100,75,5.82
295,Plettenberg Bay,ZA,2019-12-29 05:50:32,-34.05,23.37,65.62,72,41,2.75
296,Cabra,ES,2019-12-29 05:50:32,37.47,-4.43,44.01,100,0,1.12
297,Inta,RU,2019-12-29 05:50:32,66.04,60.13,12.6,80,100,26.91
298,Sohag,EG,2019-12-29 05:50:32,26.55,31.7,52.7,44,0,3.38
299,Ittiri,IT,2019-12-29 05:50:33,40.59,8.57,41.0,80,27,4.7
300,Namalenga,TZ,2019-12-29 05:50:33,-10.95,39.1,77.07,89,100,0.81
301,Balkanabat,TM,2019-12-29 05:50:33,39.51,54.36,47.07,82,100,7.34
302,Port Hawkesbury,CA,2019-12-29 05:50:03,45.62,-61.36,30.99,86,90,11.41
303,Pangody,RU,2019-12-29 05:50:33,65.85,74.49,-3.26,96,85,14.36
304,Fukuma,JP,2019-12-29 05:50:34,33.77,130.47,52.0,62,75,4.7
305,Naze,NG,2019-12-29 05:50:34,5.43,7.07,62.6,93,33,1.77
306,Uvira,CD,2019-12-29 05:50:34,-3.41,29.14,55.15,95,100,0.78
307,Immokalee,US,2019-12-29 05:47:57,26.42,-81.42,73.0,94,90,3.36
308,Ivanteyevka,RU,2019-12-29 05:50:35,55.97,37.92,28.0,85,90,8.95
309,Zheleznodorozhnyy,RU,2019-12-29 05:50:35,55.75,38.0,28.0,86,90,8.95
310,Bontang,ID,2019-12-29 05:50:35,0.12,117.47,85.28,64,13,8.61
311,Mar Del Plata,AR,2019-12-29 05:45:57,-46.43,-67.52,62.08,44,0,18.52
312,Mirabad,IR,2019-12-29 05:50:36,28.27,61.33,52.16,42,0,4.79
313,Tromso,NO,2019-12-29 05:50:36,69.65,18.96,41.0,86,75,38.03
314,Namatanai,PG,2019-12-29 05:50:36,-3.66,152.44,85.91,66,22,10.36
315,Pemba,MZ,2019-12-29 05:50:36,-12.97,40.52,77.04,90,100,4.83
316,Carman,CA,2019-12-29 05:50:36,49.51,-98.0,17.6,100,90,13.87
317,Togul,RU,2019-12-29 05:50:37,53.47,85.91,4.1,77,47,4.41
318,Riberalta,BO,2019-12-29 05:50:37,-11.0,-66.08,73.18,99,100,1.83
319,Ust-Nera,RU,2019-12-29 05:50:37,64.57,143.24,-35.93,100,99,2.15
320,Bud,NO,2019-12-29 05:46:06,62.91,6.91,51.8,71,100,12.75
321,Parabel,RU,2019-12-29 05:50:38,58.71,81.5,-1.98,85,100,1.81
322,Chatra,IN,2019-12-29 05:50:38,24.21,84.87,46.4,81,90,6.93
323,Ixtapa,MX,2019-12-29 05:50:38,20.71,-105.21,72.0,88,90,11.41
324,Rapid Valley,US,2019-12-29 05:50:38,44.06,-103.15,25.0,73,90,29.97
325,Goundam,ML,2019-12-29 05:50:38,16.42,-3.66,62.53,14,0,10.09
326,Noshiro,JP,2019-12-29 05:50:39,40.21,140.05,41.0,69,20,6.93
327,Bambanglipuro,ID,2019-12-29 05:50:39,-7.95,110.28,88.2,62,68,6.22
328,Yerofey Pavlovich,RU,2019-12-29 05:50:39,53.97,121.97,-9.96,88,0,2.35
329,Satipo,PE,2019-12-29 05:50:39,-11.26,-74.64,62.74,97,92,1.32
330,Alice Springs,AU,2019-12-29 05:50:39,-23.7,133.88,105.8,12,20,6.93
331,Isugod,PH,2019-12-29 05:50:40,9.34,118.12,84.51,69,0,7.96
332,Roald,NO,2019-12-29 05:50:40,62.58,6.12,50.0,76,100,16.11
333,Menongue,AO,2019-12-29 05:50:40,-14.66,17.68,64.65,97,98,2.59
334,Panzhihua,CN,2019-12-29 05:50:40,26.59,101.72,55.99,55,0,0.38
335,Novyy Urengoy,RU,2019-12-29 05:50:41,66.08,76.63,-9.13,95,64,12.75
336,Duncan,US,2019-12-29 05:46:30,34.5,-97.96,50.0,93,1,5.82
337,Pokosnoye,RU,2019-12-29 05:50:42,55.53,101.05,-18.71,88,0,5.86
338,Yulara,AU,2019-12-29 05:50:42,-25.24,130.99,109.4,13,17,8.05
339,Saint George,GR,2019-12-29 05:50:42,39.45,22.34,37.4,64,40,6.93
340,Bend,US,2019-12-29 05:50:42,44.06,-121.32,37.0,74,90,4.47
341,Lompoc,US,2019-12-29 05:45:47,34.64,-120.46,46.99,100,1,3.36
342,Akureyri,IS,2019-12-29 05:50:43,65.68,-18.09,32.0,96,90,8.05
343,Rozsypne,UA,2019-12-29 05:50:43,48.13,38.57,33.22,88,97,2.86
344,Urengoy,RU,2019-12-29 05:50:43,65.96,78.37,-19.14,98,45,8.19
345,Nchelenge,ZM,2019-12-29 05:50:43,-9.35,28.74,71.56,89,100,7.92
346,Fortuna,US,2019-12-29 05:50:43,40.6,-124.16,44.6,93,1,5.82
347,Praia Da Vitoria,PT,2019-12-29 05:50:44,38.73,-27.07,53.6,87,40,13.6
348,Udhampur,IN,2019-12-29 05:50:44,32.92,75.13,54.93,35,45,5.3
349,Vanimo,PG,2019-12-29 05:50:44,-2.67,141.3,82.96,75,70,12.97
350,Hudson Bay,CA,2019-12-29 05:50:44,52.86,-102.4,8.17,94,0,1.32
351,Bykov,RU,2019-12-29 05:50:44,47.32,142.56,17.6,57,40,8.95
352,Kontagora,NG,2019-12-29 05:50:45,10.4,5.47,63.3,17,0,7.34
353,Kochi,IN,2019-12-29 05:50:45,9.96,76.25,87.8,48,32,4.7
354,Aysha,SY,2019-12-29 05:50:45,36.65,39.37,48.11,77,67,20.4
355,Kholodnyy,RU,2019-12-29 05:50:45,62.72,147.95,-20.06,99,96,4.52
356,Buala,SB,2019-12-29 05:50:46,-8.15,159.59,83.52,70,52,2.71
357,Vilhena,BR,2019-12-29 05:50:46,-12.74,-60.15,69.48,98,100,3.89
358,Japura,ID,2019-12-29 05:50:46,-0.42,102.29,86.4,70,72,3.09
359,La Ronge,CA,2019-12-29 05:50:46,55.1,-105.3,12.2,92,90,3.36
360,Langenau,DE,2019-12-29 05:50:46,48.5,10.12,26.01,92,64,6.93
361,Touros,BR,2019-12-29 05:50:47,-5.2,-35.46,75.2,83,20,4.7
362,Bereda,ES,2019-12-29 05:50:47,43.27,-7.54,37.4,93,0,6.93
363,Sao Felix Do Xingu,BR,2019-12-29 05:50:47,-6.64,-51.99,71.64,97,96,1.97
364,Yumen,CN,2019-12-29 05:46:00,40.29,97.04,20.12,61,49,10.18
365,Viedma,AR,2019-12-29 05:45:57,-40.81,-62.99,57.24,58,0,9.08
366,Galle,GN,2019-12-29 05:50:48,10.08,-12.83,65.64,66,0,0.58
367,Berlevag,NO,2019-12-29 05:50:48,70.86,29.09,35.94,81,100,40.69
368,Koppang,NO,2019-12-29 05:50:49,61.57,11.04,28.99,97,100,6.24
369,Ugoofaaru,MV,2019-12-29 05:50:49,5.67,73.0,82.02,78,50,17.78
370,Anloga,GH,2019-12-29 05:50:49,5.79,0.9,75.2,94,0,1.12
371,Vestmannaeyjar,IS,2019-12-29 05:45:52,63.44,-20.27,39.36,88,100,16.89
372,Rock Springs,US,2019-12-29 05:46:20,41.59,-109.2,6.8,84,90,9.17
373,Angoche,MZ,2019-12-29 05:50:50,-16.23,39.91,83.89,77,99,3.09
374,Novaya Ladoga,RU,2019-12-29 05:50:50,60.11,32.31,21.72,71,94,5.03
375,Lewiston,US,2019-12-29 05:50:50,44.1,-70.21,37.4,55,1,10.29
376,Gimli,CA,2019-12-29 05:50:51,50.63,-96.99,12.0,94,89,5.01
377,Requena,ES,2019-12-29 05:50:51,39.49,-1.1,46.99,81,75,2.24
378,Gagarin,RU,2019-12-29 05:50:51,55.55,35.0,20.1,94,95,5.23
379,Loei,TH,2019-12-29 05:50:51,17.49,101.72,88.0,45,16,5.82
380,Tabou,CI,2019-12-29 05:50:52,4.42,-7.36,75.54,92,6,2.57
381,Iwanai,JP,2019-12-29 05:50:52,42.97,140.51,26.53,64,62,7.34
382,Lalmohan,BD,2019-12-29 05:50:52,22.34,90.74,73.31,42,0,8.41
383,Quatre Cocos,MU,2019-12-29 05:50:52,-20.21,57.76,81.0,88,75,16.11
384,Jalu,LY,2019-12-29 05:50:53,29.03,21.55,50.67,76,0,11.16
385,Umm Kaddadah,SD,2019-12-29 05:45:22,13.6,26.69,59.36,35,71,13.53
386,Ojinaga,US,2019-12-29 05:50:53,29.56,-104.41,50.0,29,1,9.17
387,Zabid,YE,2019-12-29 05:50:53,14.2,44.5,61.36,25,16,3.42
388,Atambua,ID,2019-12-29 05:50:53,-9.11,124.89,83.97,62,66,5.73
389,Avera,US,2019-12-29 05:50:54,33.19,-82.53,64.99,98,90,4.7
390,Adrar,DZ,2019-12-29 05:43:40,27.87,-0.29,53.6,34,100,13.87
391,Kaka,TM,2019-12-29 05:50:54,37.35,59.62,54.68,52,35,2.13
392,Birakan,RU,2019-12-29 05:50:54,49.02,131.7,-3.06,88,72,2.77
393,Mayo,CA,2019-12-29 05:50:54,63.59,-135.9,-16.6,68,75,2.24
394,Soyo,AO,2019-12-29 05:50:55,-6.13,12.37,80.6,83,75,5.55
395,Zarasai,LT,2019-12-29 05:50:58,55.73,26.25,25.09,84,15,4.52
396,Kardla,EE,2019-12-29 05:50:58,58.44,26.57,24.8,79,58,4.7
397,Barabai,ID,2019-12-29 05:50:58,-2.59,115.38,89.74,61,100,2.68
398,Chabahar,IR,2019-12-29 05:50:58,25.29,60.65,68.0,64,40,2.55
399,Mehamn,NO,2019-12-29 05:50:59,71.03,27.85,31.84,86,100,27.76
400,Salinopolis,BR,2019-12-29 05:50:59,-0.61,-47.36,82.99,76,100,16.24
401,Shipitsyno,RU,2019-12-29 05:50:59,61.28,46.52,2.77,94,16,3.11
402,Acari,BR,2019-12-29 05:50:59,-6.44,-36.64,68.43,90,32,12.75
403,Belomorsk,RU,2019-12-29 05:50:59,64.52,34.76,19.58,73,83,21.47
404,Vilyuysk,RU,2019-12-29 05:51:00,63.75,121.63,-34.06,95,4,7.11
405,Big Bend,SZ,2019-12-29 05:51:00,-26.79,31.94,75.2,73,31,2.24
406,Sveti Nikole,MK,2019-12-29 05:51:00,41.86,21.94,32.0,69,90,10.29
407,Saint-Pierre,FR,2019-12-29 05:51:00,48.95,4.24,30.0,92,93,5.82
408,Gamba,CN,2019-12-29 05:51:01,28.28,88.52,19.17,6,0,4.29
409,Kalnibolotskaya,RU,2019-12-29 05:51:01,46.01,40.45,38.37,82,92,8.57
410,Almenara,BR,2019-12-29 05:51:01,-16.17,-40.69,65.62,99,30,0.89
411,Neuruppin,DE,2019-12-29 05:51:01,52.92,12.81,32.0,80,24,4.7
412,Udachnyy,RU,2019-12-29 05:45:42,66.42,112.4,-18.4,75,75,4.47
413,Karratha,AU,2019-12-29 05:48:24,-20.74,116.85,85.57,80,61,12.82
414,Axim,GH,2019-12-29 05:45:55,4.87,-2.24,75.9,90,19,1.14
415,Petropavlovsk-Kamchatskiy,RU,2019-12-29 05:51:02,53.05,158.65,23.0,53,20,8.95
416,Rong Kwang,TH,2019-12-29 05:51:02,18.34,100.32,89.6,46,40,2.24
417,Bambous Virieux,MU,2019-12-29 05:51:02,-20.34,57.76,81.0,88,75,16.11
418,Mamlyutka,KZ,2019-12-29 05:51:03,54.94,68.54,3.2,77,90,11.18
419,La Asuncion,AR,2019-12-29 05:51:03,-26.05,-65.39,64.4,80,91,3.49
420,Sassandra,CI,2019-12-29 05:51:03,4.95,-6.09,75.25,95,49,3.49
421,Port Macquarie,AU,2019-12-29 05:51:04,-31.43,152.91,93.2,34,0,17.22
422,Muros,ES,2019-12-29 05:51:04,42.77,-9.06,52.0,86,0,1.12
423,Sisophon,KH,2019-12-29 05:51:04,13.59,102.97,87.76,43,0,6.42
424,Yoichi,JP,2019-12-29 05:51:04,43.19,140.77,30.99,54,40,19.46
425,Caravelas,BR,2019-12-29 05:51:05,-17.73,-39.27,70.25,93,2,2.73
426,Sosnovo-Ozerskoye,RU,2019-12-29 05:51:05,52.53,111.54,-11.25,92,52,9.28
427,Hohhot,CN,2019-12-29 05:51:08,40.81,111.65,15.8,56,91,17.9
428,Codrington,AU,2019-12-29 05:51:12,-28.95,153.24,89.6,48,94,14.99
429,Yuanping,CN,2019-12-29 05:45:56,38.72,112.71,36.59,26,27,1.25
430,Manggar,ID,2019-12-29 05:51:12,-2.88,108.27,83.48,74,99,8.95
431,Kirakira,SB,2019-12-29 05:46:11,-10.46,161.92,81.54,76,27,1.59
432,Banjar,ID,2019-12-29 05:51:13,-7.37,108.54,88.59,58,95,2.84
433,Turukhansk,RU,2019-12-29 05:51:13,65.8,87.96,-15.43,98,100,7.81
434,Klaksvik,FO,2019-12-29 05:51:13,62.23,-6.59,48.2,100,100,17.22
435,Daru,PG,2019-12-29 05:51:13,-9.07,143.21,82.99,82,100,5.46
436,Newport,GB,2019-12-29 05:40:54,51.59,-3.0,46.99,93,90,8.05
437,Tura,RU,2019-12-29 05:51:14,64.27,100.22,-12.64,96,100,7.56
438,Irmo,US,2019-12-29 05:51:14,34.09,-81.18,64.99,100,90,4.7
439,Bandarbeyla,SO,2019-12-29 05:51:14,9.49,50.81,78.84,79,20,17.85
440,Sabang,PH,2019-12-29 05:51:15,13.8,121.11,84.0,73,0,4.0
441,Nemuro,JP,2019-12-29 05:51:15,43.32,145.57,26.6,58,40,11.41
442,Kovernino,RU,2019-12-29 05:51:15,57.13,43.81,16.25,82,100,6.06
443,Sangar,RU,2019-12-29 05:51:18,63.92,127.47,-41.98,98,49,1.05
444,Husavik,CA,2019-12-29 05:45:23,50.56,-96.99,12.0,94,89,9.53
445,Tapes,BR,2019-12-29 05:51:04,-30.67,-51.4,68.92,97,54,3.42
446,Galdar,ES,2019-12-29 05:51:19,28.15,-15.65,71.01,45,0,4.7
447,Karasburg,NA,2019-12-29 05:51:19,-28.01,18.75,78.94,22,27,12.28
448,Asosa,ET,2019-12-29 05:51:19,10.07,34.53,74.01,29,62,6.22
449,Kerema,PG,2019-12-29 05:51:20,-7.96,145.78,87.64,57,61,7.16
450,Paris,FR,2019-12-29 05:49:30,48.86,2.35,34.0,75,74,3.36
451,Komsomolskiy,RU,2019-12-29 05:51:20,67.55,63.78,10.63,92,100,18.95
452,Emerald,AU,2019-12-29 05:51:20,-23.53,148.16,91.4,31,48,9.17
453,Tiarei,PF,2019-12-29 05:51:20,-17.53,-149.33,82.4,65,75,8.05
454,Humaita,AR,2019-12-29 05:51:21,-24.93,-65.37,75.2,73,40,5.82
455,Thinadhoo,MV,2019-12-29 05:51:21,0.53,72.93,82.6,80,72,13.56
456,Ippy,CF,2019-12-29 05:51:21,6.26,21.2,70.79,19,40,6.24
457,Huarmey,PE,2019-12-29 05:51:21,-10.07,-78.15,67.68,81,94,2.68
458,Tornio,FI,2019-12-29 05:51:21,61.12,27.27,24.01,85,75,9.17
459,Aranos,NA,2019-12-29 05:51:25,-24.14,19.11,74.8,66,96,14.54
460,Havoysund,NO,2019-12-29 05:51:25,71.0,24.66,37.4,69,100,25.28
461,Clyde River,CA,2019-12-29 05:51:25,70.47,-68.59,-7.6,91,1,5.82
462,Chute-Aux-Outardes,CA,2019-12-29 05:51:25,49.12,-68.38,28.4,73,90,4.7
463,Tucupita,VE,2019-12-29 05:51:25,9.06,-62.05,70.74,99,97,2.37
464,Greenville,US,2019-12-29 05:48:20,34.85,-82.4,61.0,100,90,3.36
465,Beringovskiy,RU,2019-12-29 05:51:26,63.05,179.32,-10.35,91,2,19.57
466,Eirunepe,BR,2019-12-29 05:51:29,-6.66,-69.87,73.04,96,100,1.05
467,Seoul,KR,2019-12-29 05:46:35,37.57,126.98,44.6,52,90,2.24
468,Omaruru,NA,2019-12-29 05:46:51,-21.42,15.95,76.12,32,63,2.64
469,Banfora,BF,2019-12-29 05:51:33,10.64,-4.75,66.52,20,0,5.93
470,Chincha Alta,PE,2019-12-29 05:51:33,-13.42,-76.13,69.8,88,59,4.7
471,Alta Floresta,BR,2019-12-29 05:51:33,-9.87,-56.08,69.67,98,99,0.43
472,Verkhnevilyuysk,RU,2019-12-29 05:51:33,63.45,120.31,-32.19,97,62,4.7
473,Nikolayevsk-Na-Amure,RU,2019-12-29 05:51:34,53.14,140.72,-11.31,89,97,6.04
474,Okha,RU,2019-12-29 05:51:34,53.59,142.95,-0.85,94,100,22.95
475,Savannah Bight,HN,2019-12-29 05:51:34,16.45,-85.85,79.83,81,55,19.26
476,Baykit,RU,2019-12-29 05:51:35,61.68,96.39,-13.36,97,100,5.01
477,Hami,CN,2019-12-29 05:51:35,42.84,93.51,24.13,44,0,7.18
478,Iguape,BR,2019-12-29 05:51:35,-24.7,-47.56,70.9,96,64,1.1
479,Zabaykalsk,CN,2019-12-29 05:51:35,49.64,117.33,-7.17,79,100,8.84
480,Zhezkazgan,KZ,2019-12-29 05:51:36,47.8,67.71,26.6,100,90,8.95
481,Aloleng,PH,2019-12-29 05:51:36,16.13,119.78,87.98,54,0,13.44
482,Kungurtug,RU,2019-12-29 05:51:36,50.6,97.53,-12.24,79,0,2.53
483,Beidao,CN,2019-12-29 05:51:36,34.57,105.89,37.67,61,13,5.06
484,Petrivka,UA,2019-12-29 05:51:37,46.91,30.72,35.6,100,75,4.47
485,Bundaberg,AU,2019-12-29 05:51:37,-24.87,152.35,86.0,37,99,18.34
486,Lipin Bor,RU,2019-12-29 05:51:37,60.26,37.97,13.46,83,81,3.18
487,Harper,US,2019-12-29 05:51:37,30.3,-99.24,50.0,93,1,5.66
488,Magdagachi,RU,2019-12-29 05:51:37,53.45,125.8,-16.56,92,0,3.27
489,Quetigny,FR,2019-12-29 05:51:38,47.31,5.12,32.0,75,50,8.05
490,Gidam,IN,2019-12-29 05:51:38,18.98,81.4,76.62,39,3,2.19
491,Meulaboh,ID,2019-12-29 05:51:38,4.14,96.13,82.94,73,16,7.78
492,Wilmington,US,2019-12-29 05:48:34,39.75,-75.55,41.0,82,1,2.95
493,Milton,AU,2019-12-29 05:51:38,-35.32,150.44,93.0,65,98,6.93
494,Mayumba,GA,2019-12-29 05:46:10,-3.44,10.65,80.37,85,100,8.12
495,Salalah,OM,2019-12-29 05:51:39,17.01,54.1,78.8,61,75,14.99
496,Dillon,US,2019-12-29 05:49:33,45.22,-112.64,6.8,84,1,9.17
497,Oranjemund,ZA,2019-12-29 05:51:39,-28.55,16.43,63.05,77,39,1.21
498,Conde,BR,2019-12-29 05:46:07,-11.81,-37.61,78.46,77,50,1.66
499,Verkhneyarkeyevo,RU,2019-12-29 05:51:40,55.45,54.3,7.36,90,73,11.39
500,Prado,CO,2019-12-29 05:51:40,3.75,-74.93,70.25,84,83,2.68
501,Mount Gambier,AU,2019-12-29 05:51:40,-37.83,140.78,89.6,27,0,10.29
502,Saint-Augustin,CA,2019-12-29 05:45:54,45.63,-73.98,32.0,86,20,4.7
503,Ludvika,SE,2019-12-29 05:51:41,60.15,15.18,37.0,93,100,12.75
504,Souillac,FR,2019-12-29 05:45:45,45.6,-0.6,36.0,100,90,3.36
505,Marzuq,YE,2019-12-29 05:51:41,14.4,46.47,66.07,20,0,2.84
506,Muli,CN,2019-12-29 05:51:42,28.08,109.56,56.55,65,89,3.56
507,Puerto Leguizamo,CO,2019-12-29 05:51:42,-0.19,-74.78,72.21,97,4,1.72
508,Lorengau,PG,2019-12-29 05:51:42,-2.02,147.27,83.61,72,49,6.24
509,Maracacume,BR,2019-12-29 05:47:33,-2.04,-45.96,73.9,95,100,2.33
510,Macas,EC,2019-12-29 05:51:43,-2.3,-78.12,62.82,98,31,1.95
511,Canmore,CA,2019-12-29 05:51:43,51.09,-115.35,14.0,72,90,2.24
512,Ginda,IN,2019-12-29 05:51:43,30.69,78.49,56.28,21,0,4.52
513,Ravar,IR,2019-12-29 05:51:43,31.27,56.81,52.88,33,0,3.2
514,Namibe,AO,2019-12-29 05:51:44,-15.19,12.15,70.48,93,100,7.65
515,Aanekoski,FI,2019-12-29 05:51:44,62.6,25.73,26.6,86,90,11.41
516,Puerto Rico,CO,2019-12-29 05:51:44,1.91,-75.15,69.01,96,51,3.53
517,Vizinga,RU,2019-12-29 05:51:44,61.08,50.08,-3.68,99,0,1.07
518,Paamiut,GL,2019-12-29 05:51:44,61.99,-49.67,24.39,58,100,0.78
519,Tautira,PF,2019-12-29 05:51:45,-17.73,-149.15,82.4,65,75,8.05
520,Chapais,CA,2019-12-29 05:51:45,49.78,-74.86,19.4,85,90,6.93
521,Yerbogachen,RU,2019-12-29 05:45:49,61.28,108.01,-24.2,91,82,11.48
522,Faya,SA,2019-12-29 05:51:45,18.39,42.45,55.4,87,20,5.82
523,Nuuk,GL,2019-12-29 05:51:45,64.17,-51.74,19.4,67,100,4.7
524,Palestine,US,2019-12-29 05:51:46,31.76,-95.63,57.2,100,40,3.51
525,Callaguip,PH,2019-12-29 05:51:46,18.07,120.49,84.2,79,20,6.93
526,Te Anau,NZ,2019-12-29 05:45:52,-45.41,167.72,54.46,88,100,6.96
527,Linjiang,CN,2019-12-29 05:51:46,41.81,126.91,31.78,83,87,11.16
528,Uporovo,RU,2019-12-29 05:51:47,56.31,66.27,5.7,88,100,10.87
529,Danlugan,PH,2019-12-29 05:51:47,7.89,123.37,88.52,48,0,4.54
530,Muravlenko,RU,2019-12-29 05:51:47,63.79,74.5,-10.5,91,6,14.47
531,Gebre Guracha,ET,2019-12-29 05:51:47,9.8,38.4,65.52,55,100,4.81
532,Zomin,UZ,2019-12-29 05:51:47,39.96,68.4,53.87,27,100,4.09
533,Katangli,RU,2019-12-29 05:51:48,51.71,143.23,1.53,85,81,13.27
534,Kysyl-Syr,RU,2019-12-29 05:51:48,63.9,122.77,-39.32,96,11,4.05
535,Gubkinskiy,RU,2019-12-29 05:51:48,64.43,76.5,-14.8,95,3,11.34
536,Ahipara,NZ,2019-12-29 05:46:13,-35.17,173.16,68.0,67,0,3.0
537,Aginskoye,RU,2019-12-29 05:51:49,51.11,114.54,-4.02,76,37,10.76
538,Wagar,US,2019-12-29 05:45:24,31.44,-87.99,69.01,55,100,3.0
539,Port Elgin,CA,2019-12-29 05:51:53,44.44,-81.39,33.01,73,90,3.36
540,Buenos Aires,AR,2019-12-29 05:47:11,-34.61,-58.44,77.0,88,85,5.23
541,Fairhope,US,2019-12-29 05:51:53,30.52,-87.9,71.6,94,90,8.05
542,Kyzyl-Suu,KG,2019-12-29 05:51:53,42.34,78.0,35.64,60,100,4.12
543,Rock Sound,BS,2019-12-29 05:51:53,24.9,-76.2,75.2,80,78,20.09
544,Sao Joao Da Barra,BR,2019-12-29 05:50:43,-21.64,-41.05,74.73,88,1,2.15
545,San Cristobal,HN,2019-12-29 05:51:54,14.68,-86.92,61.48,96,16,3.65
546,Ternate,PH,2019-12-29 05:51:54,14.29,120.72,88.0,66,20,14.99
547,Kiyasovo,RU,2019-12-29 05:51:54,56.35,53.12,12.99,83,21,7.0
548,Rio Grande,BR,2019-12-29 05:47:49,-32.03,-52.1,75.0,93,66,9.37
549,Riyadh,SA,2019-12-29 05:48:30,24.63,46.72,55.4,62,0,3.36
550,Lazaro Cardenas,MX,2019-12-29 05:51:55,28.39,-105.62,47.84,34,4,7.02
551,Linxia,CN,2019-12-29 05:51:55,35.6,103.21,26.56,33,4,6.53
552,Cayenne,GF,2019-12-29 05:51:55,4.94,-52.33,78.8,83,100,4.7
553,Mangan,IN,2019-12-29 05:51:56,27.5,88.54,52.48,20,0,5.73
554,Lavrentiya,RU,2019-12-29 05:51:56,65.58,-170.99,-7.94,87,0,11.1
555,Langxiang,CN,2019-12-29 05:51:56,46.95,128.87,3.94,90,100,3.78
556,Lanzhou,CN,2019-12-29 05:51:56,36.06,103.82,28.4,25,20,4.47
557,Qandala,SO,2019-12-29 05:51:56,11.47,49.87,75.76,71,87,2.53
558,Vila Velha,BR,2019-12-29 05:51:57,-3.71,-38.6,86.0,78,40,11.41
559,Monrovia,LR,2019-12-29 05:51:57,6.33,-10.8,75.2,94,40,5.75
560,Deputatskiy,RU,2019-12-29 05:51:57,69.3,139.9,-29.27,79,0,3.62
561,Qaqortoq,GL,2019-12-29 05:51:57,60.72,-46.03,28.4,86,100,10.45
562,Batagay-Alyta,RU,2019-12-29 05:46:08,67.8,130.41,-28.55,77,0,4.97
563,Grand Gaube,MU,2019-12-29 05:45:46,-20.01,57.66,81.0,88,75,16.11
564,Ossora,RU,2019-12-29 05:46:02,59.24,163.07,-0.67,77,0,7.67
565,Hoquiam,US,2019-12-29 05:51:58,46.98,-123.89,46.0,100,90,9.17
566,Shitanjing,CN,2019-12-29 05:51:58,39.23,106.34,28.22,34,55,13.02
567,Miles City,US,2019-12-29 05:51:58,46.41,-105.84,26.01,73,90,11.41
568,Leh,IN,2019-12-29 05:51:59,34.16,77.58,9.52,16,0,1.25
